c6880,2301,d040,computers & accessories
f4939,1756.5,g822,collectibles
i777,1177.5,f264,baby
b08843,476.5,h03,apps & games
b29807,9059,c537,beauty
e9862,1434,i42,baby
b08843,476.5,h03,apps & games
b29807,9059,c537,beauty
c6880,2301,d040,computers & accessories
f4939,1756.5,g822,collectibles
i777,1177.5,f264,baby
b08843,476.5,h03,apps & games
b29807,9059,c537,beauty
e9862,1434,i42,baby
b08843,476.5,h03,apps & games
b29807,9059,c537,beauty
c6880,2301,d040,computers & accessories
f4939,1756.5,g822,collectibles
i777,1177.5,f264,baby
b08843,476.5,h03,apps & games
b29807,9059,c537,beauty
e9862,1434,i42,baby
b08843,476.5,h03,apps & games
b29807,9059,c537,beauty
c6880,2301,d040,computers & accessories
f4939,1756.5,g822,collectibles
i777,1177.5,f264,baby
b08843,476.5,h03,apps & games
b29807,9059,c537,beauty
e9862,1434,i42,baby
b08843,476.5,h03,apps & games
b29807,9059,c537,beauty
c6880,2301,d040,computers & accessories
f4939,1756.5,g822,collectibles
i777,1177.5,f264,baby
b08843,476.5,h03,apps & games
b29807,9059,c537,beauty
e9862,1434,i42,baby
b08843,476.5,h03,apps & games
b29807,9059,c537,beauty
c6880,2301,d040,computers & accessories
f4939,1756.5,g822,collectibles
i777,1177.5,f264,baby
b08843,476.5,h03,apps & games
b29807,9059,c537,beauty
e9862,1434,i42,baby
b08843,476.5,h03,apps & games
b29807,9059,c537,beauty
c6880,2301,d040,computers & accessories
f4939,1756.5,g822,collectibles
i777,1177.5,f264,baby
b08843,476.5,h03,apps & games
b29807,9059,c537,beauty
e9862,1434,i42,baby
b08843,476.5,h03,apps & games
b29807,9059,c537,beauty
c6880,2301,d040,computers & accessories
f4939,1756.5,g822,collectibles
i777,1177.5,f264,baby
b08843,476.5,h03,apps & games
b29807,9059,c537,beauty
e9862,1434,i42,baby
b08843,476.5,h03,apps & games
b29807,9059,c537,beauty
c6880,2301,d040,computers & accessories
f4939,1756.5,g822,collectibles
i777,1177.5,f264,baby
b08843,476.5,h03,apps & games
b29807,9059,c537,beauty
e9862,1434,i42,baby
b08843,476.5,h03,apps & games
b29807,9059,c537,beauty
c6880,2301,d040,computers & accessories
f4939,1756.5,g822,collectibles
i777,1177.5,f264,baby
b08843,476.5,h03,apps & games
b29807,9059,c537,beauty
e9862,1434,i42,baby
b08843,476.5,h03,apps & games
b29807,9059,c537,beauty
c6880,2301,d040,computers & accessories
f4939,1756.5,g822,collectibles
i777,1177.5,f264,baby
b08843,476.5,h03,apps & games
b29807,9059,c537,beauty
e9862,1434,i42,baby
b08843,476.5,h03,apps & games
b29807,9059,c537,beauty
c6880,2301,d040,computers & accessories
f4939,1756.5,g822,collectibles
i777,1177.5,f264,baby
b08843,476.5,h03,apps & games
b29807,9059,c537,beauty
e9862,1434,i42,baby
b08843,476.5,h03,apps & games
b29807,9059,c537,beauty
c6880,2301,d040,computers & accessories
f4939,1756.5,g822,collectibles
i777,1177.5,f264,baby
b08843,476.5,h03,apps & games
b29807,9059,c537,beauty
e9862,1434,i42,baby
b08843,476.5,h03,apps & games
b29807,9059,c537,beauty
c6880,2301,d040,computers & accessories
f4939,1756.5,g822,collectibles
i777,1177.5,f264,baby
b08843,476.5,h03,apps & games
b29807,9059,c537,beauty
e9862,1434,i42,baby
b08843,476.5,h03,apps & games
b29807,9059,c537,beauty
c6880,2301,d040,computers & accessories
f4939,1756.5,g822,collectibles
i777,1177.5,f264,baby
b08843,476.5,h03,apps & games
b29807,9059,c537,beauty
e9862,1434,i42,baby
b08843,476.5,h03,apps & games
b29807,9059,c537,beauty
c6880,2301,d040,computers & accessories
f4939,1756.5,g822,collectibles
i777,1177.5,f264,baby
b08843,476.5,h03,apps & games
b29807,9059,c537,beauty
e9862,1434,i42,baby
b08843,476.5,h03,apps & games
b29807,9059,c537,beauty
