11/15/2020 11:02,,J99928,F9760,PINTEREST,,,true
11/16/2020 11:32,,J99897,I3389,PINTEREST,,,true
11/16/2020 11:40,,I635,B03514,GOOGLE,,,true
11/16/2020 11:42,,E229,FACEBOOK,,,,true
11/15/2020 11:02,,J99928,F9760,PINTEREST,,,true
11/16/2020 11:32,,J99897,I3389,PINTEREST,,,true
11/16/2020 11:40,,I635,B03514,GOOGLE,,,true
11/16/2020 11:42,,E229,FACEBOOK,,,,true
11/15/2020 11:02,,J99928,F9760,PINTEREST,,,true
11/16/2020 11:32,,J99897,I3389,PINTEREST,,,true
11/16/2020 11:40,,I635,B03514,GOOGLE,,,true
11/16/2020 11:42,,E229,FACEBOOK,,,,true
11/15/2020 11:02,,J99928,F9760,PINTEREST,,,true
11/16/2020 11:32,,J99897,I3389,PINTEREST,,,true
11/16/2020 11:40,,I635,B03514,GOOGLE,,,true
11/16/2020 11:42,,E229,FACEBOOK,,,,true
11/15/2020 11:02,,J99928,F9760,PINTEREST,,,true
11/16/2020 11:32,,J99897,I3389,PINTEREST,,,true
11/16/2020 11:40,,I635,B03514,GOOGLE,,,true
11/16/2020 11:42,,E229,FACEBOOK,,,,true
11/15/2020 11:02,,J99928,F9760,PINTEREST,,,true
11/16/2020 11:32,,J99897,I3389,PINTEREST,,,true
11/16/2020 11:40,,I635,B03514,GOOGLE,,,true
11/16/2020 11:42,,E229,FACEBOOK,,,,true
11/15/2020 11:02,,J99928,F9760,PINTEREST,,,true
11/16/2020 11:32,,J99897,I3389,PINTEREST,,,true
11/16/2020 11:40,,I635,B03514,GOOGLE,,,true
11/16/2020 11:42,,E229,FACEBOOK,,,,true
11/15/2020 11:02,,J99928,F9760,PINTEREST,,,true
11/16/2020 11:32,,J99897,I3389,PINTEREST,,,true
11/16/2020 11:40,,I635,B03514,GOOGLE,,,true
11/16/2020 11:42,,E229,FACEBOOK,,,,true
11/15/2020 11:02,,J99928,F9760,PINTEREST,,,true
11/16/2020 11:32,,J99897,I3389,PINTEREST,,,true
11/16/2020 11:40,,I635,B03514,GOOGLE,,,true
11/16/2020 11:42,,E229,FACEBOOK,,,,true
11/15/2020 11:02,,J99928,F9760,PINTEREST,,,true
11/16/2020 11:32,,J99897,I3389,PINTEREST,,,true
11/16/2020 11:40,,I635,B03514,GOOGLE,,,true
11/16/2020 11:42,,E229,FACEBOOK,,,,true
11/15/2020 11:02,,J99928,F9760,PINTEREST,,,true
11/16/2020 11:32,,J99897,I3389,PINTEREST,,,true
11/16/2020 11:40,,I635,B03514,GOOGLE,,,true
11/16/2020 11:42,,E229,FACEBOOK,,,,true
11/15/2020 11:02,,J99928,F9760,PINTEREST,,,true
11/16/2020 11:32,,J99897,I3389,PINTEREST,,,true
11/16/2020 11:40,,I635,B03514,GOOGLE,,,true
11/16/2020 11:42,,E229,FACEBOOK,,,,true
11/15/2020 11:02,,J99928,F9760,PINTEREST,,,true
11/16/2020 11:32,,J99897,I3389,PINTEREST,,,true
11/16/2020 11:40,,I635,B03514,GOOGLE,,,true
11/16/2020 11:42,,E229,FACEBOOK,,,,true
11/15/2020 11:02,,J99928,F9760,PINTEREST,,,true
11/16/2020 11:32,,J99897,I3389,PINTEREST,,,true
11/16/2020 11:40,,I635,B03514,GOOGLE,,,true
11/16/2020 11:42,,E229,FACEBOOK,,,,true
11/15/2020 11:02,,J99928,F9760,PINTEREST,,,true
11/16/2020 11:32,,J99897,I3389,PINTEREST,,,true
11/16/2020 11:40,,I635,B03514,GOOGLE,,,true
11/16/2020 11:42,,E229,FACEBOOK,,,,true
11/15/2020 11:02,,J99928,F9760,PINTEREST,,,true
11/16/2020 11:32,,J99897,I3389,PINTEREST,,,true
11/16/2020 11:40,,I635,B03514,GOOGLE,,,true
11/16/2020 11:42,,E229,FACEBOOK,,,,true
11/15/2020 11:02,,J99928,F9760,PINTEREST,,,true
11/16/2020 11:32,,J99897,I3389,PINTEREST,,,true
11/16/2020 11:40,,I635,B03514,GOOGLE,,,true
11/16/2020 11:42,,E229,FACEBOOK,,,,true
11/15/2020 11:02,,J99928,F9760,PINTEREST,,,true
11/16/2020 11:32,,J99897,I3389,PINTEREST,,,true
11/16/2020 11:40,,I635,B03514,GOOGLE,,,true
11/16/2020 11:42,,E229,FACEBOOK,,,,true
11/15/2020 11:02,,J99928,F9760,PINTEREST,,,true
11/16/2020 11:32,,J99897,I3389,PINTEREST,,,true
11/16/2020 11:40,,I635,B03514,GOOGLE,,,true
11/16/2020 11:42,,E229,FACEBOOK,,,,true
11/15/2020 11:02,,J99928,F9760,PINTEREST,,,true
11/16/2020 11:32,,J99897,I3389,PINTEREST,,,true
11/16/2020 11:40,,I635,B03514,GOOGLE,,,true
11/16/2020 11:42,,E229,FACEBOOK,,,,true
11/15/2020 11:02,,J99928,F9760,PINTEREST,,,true
11/16/2020 11:32,,J99897,I3389,PINTEREST,,,true
11/16/2020 11:40,,I635,B03514,GOOGLE,,,true
11/16/2020 11:42,,E229,FACEBOOK,,,,true
11/15/2020 11:02,,J99928,F9760,PINTEREST,,,true
11/16/2020 11:32,,J99897,I3389,PINTEREST,,,true
11/16/2020 11:40,,I635,B03514,GOOGLE,,,true
11/16/2020 11:42,,E229,FACEBOOK,,,,true
11/15/2020 11:02,,J99928,F9760,PINTEREST,,,true
11/16/2020 11:32,,J99897,I3389,PINTEREST,,,true
11/16/2020 11:40,,I635,B03514,GOOGLE,,,true
11/16/2020 11:42,,E229,FACEBOOK,,,,true
11/15/2020 11:02,,J99928,F9760,PINTEREST,,,true
11/16/2020 11:32,,J99897,I3389,PINTEREST,,,true
11/16/2020 11:40,,I635,B03514,GOOGLE,,,true
11/16/2020 11:42,,E229,FACEBOOK,,,,true
11/15/2020 11:02,,J99928,F9760,PINTEREST,,,true
11/16/2020 11:32,,J99897,I3389,PINTEREST,,,true
11/16/2020 11:40,,I635,B03514,GOOGLE,,,true
11/16/2020 11:42,,E229,FACEBOOK,,,,true
11/15/2020 11:02,,J99928,F9760,PINTEREST,,,true
11/16/2020 11:32,,J99897,I3389,PINTEREST,,,true
11/16/2020 11:40,,I635,B03514,GOOGLE,,,true
11/16/2020 11:42,,E229,FACEBOOK,,,,true
